RID,START,DATETIME.UTC,DURATION,consent,Consent_2,Q1Age,Q2Gender,Q3Country,Q4Urban,Q5Ethnicity,Q8Postcode,Q6Occupation,Q7Income,Q9Insect_Word1,Q9Insect_Word2,Q9Insect_Word3,Q10Insect_Species1,Q10Insect_Species2,Q10Insect_Species3,BackgroundInfo_Check,Q11OpinionOnInsectPopulations_1,Q11OpinionOnInsectPopulations_2,Q12InsectIDQuiz_1,Q12InsectIDQuiz_2,Q12InsectIDQuiz_3,Q12InsectIDQuiz_4,Q12InsectIDQuiz_5,Q12InsectIDQuiz_6,Q12InsectIDQuiz_DV_1,Q12InsectIDQuiz_DV_2,Q12InsectIDQuiz_DV_3,Q12InsectIDQuiz_DV_4,Q12InsectIDQuiz_DV_5,Q12InsectIDQuiz_DV_6,Q12InsectIDQuizFollowUp_1,Q12InsectIDQuizFollowUp_2,CE_Task_Insect_Check_1,CE_Task_Plan_Check_1,CE_Task_A1_Check_1,CE_Task_A2_Check_1,CE_Task_A3_Check_1,CE_Task_A4_Check_1,CE_Task_A5_Check_1,CE_ConfirmYouHaveReadDescs,CE_TasksConsequentiality_1,CE_TasksConsequentiality_2,BidVectorElicitation_Randomiser,QX_BidVector_Beetles,CE_BlockAllocator,design_offset,QX_BidVector_Bees,QX_BidVector_Wasps,CE_1_DV,CE_2_DV,CE_3_DV,CE_4_DV,CE_5_DV,CE_6_DV,CE_7_DV,CE_8_DV,CE_9_DV,Q29CEProtest_Statements,Q29CEProtest_Other,CE_Debrief_Easy,CE_Debrief_Certain,CE_Debrief_Confident,CE_ANA_1,CE_ANA_2,CE_ANA_3,CE_ANA_4,CE_ANA_5,Biowell_Beetle1_Item1_Relaxed,Biowell_Beetle1_Item2_Joy,Biowell_Beetle1_Item3_Clear,Biowell_Beetle1_Item4_Open,Biowell_Beetle1_Item5_Connect,Biowell_Bee1_Item1_Relaxed,Biowell_Bee1_Item2_Joy,Biowell_Bee1_Item3_Clear,Biowell_Bee1_Item4_Open,Biowell_Bee1_Item5_Connect,Biowell_Wasp1_Item1_Relaxed,Biowell_Wasp1_Item2_Joy,Biowell_Wasp1_Item3_Clear,Biowell_Wasp1_Item4_Open,Biowell_Wasp1_Item5_Connect,Biowell_Beetle2_Item1_Relaxed,Biowell_Beetle2_Item2_Joy,Biowell_Beetle2_Item3_Clear,Biowell_Beetle2_Item4_Open,Biowell_Beetle2_Item5_Connect,Biowell_Bee2_Item1_Relaxed,Biowell_Bee2_Item2_Joy,Biowell_Bee2_Item3_Clear,Biowell_Bee2_Item4_Open,Biowell_Bee2_Item5_Connect,Biowell_Wasp2_Item1_Relaxed,Biowell_Wasp2_Item2_Joy,Biowell_Wasp2_Item3_Clear,Biowell_Wasp2_Item4_Open,Biowell_Wasp2_Item5_Connect,Biowell_Beetle3_Item1_Relaxed,Biowell_Beetle3_Item2_Joy,Biowell_Beetle3_Item3_Clear,Biowell_Beetle3_Item4_Open,Biowell_Beetle3_Item5_Connect,Biowell_Bee3_Item1_Relaxed,Biowell_Bee3_Item2_Joy,Biowell_Bee3_Item3_Clear,Biowell_Bee3_Item4_Open,Biowell_Bee3_Item5_Connect,Biowell_Wasp3_Item1_Relaxed,Biowell_Wasp3_Item2_Joy,Biowell_Wasp3_Item3_Clear,Biowell_Wasp3_Item4_Open,Biowell_Wasp3_Item5_Connect,Biowell_Debrief_Easy,Biowell_Debrief_Certain,Sliding_Beetles_Encounter,Sliding_Beetles_Ecology,Sliding_Beetles_Conserved,Sliding_Beetles_Important,Sliding_Bees_Encounter,Sliding_Bees_Conserved,Sliding_Bees_Ecology,Sliding_Bees_Important,Sliding_Wasps_Encounter,Sliding_Wasps_Conserved,Sliding_Wasps_Ecology,Sliding_Wasps_Important,Visit_Child,Visit_Teen,Visit_Adult,Q41_FreqOfVisitGreenSpace_1,Q41_FreqOfVisitBlueSpace_1,Q41_WalkTimeToGreenSpace,Q41_WalkTimeToBlueSpace,Q42_Charity,Q43_Citizen,Q44_Sight,Q45_Garden,Q46_Farm,Q47_Fish,Q48_Education,QDiscounting_1,QDiscounting_2,QDiscounting_3,QDiscounting_4,QDiscounting_5,QDiscounting_6,QDiscounting_7,QDiscounting_8,QDiscounting_9,QDiscounting_10,Pretest_AnyDifficultQuestions,Pretest_SliderOrLikert,Q50_Understanding,FurtherComments,SurveyCompletionTime,Speeders_Survey_Threshold,Slowers_Survey_Threshold,Speeders_Survey_TestDummy,Slowers_Survey_TestDummy,Valuation_Start,Valuation_Finish,Valuation_CompletionTime,Speeders_Valuation_Threshold,Slowers_Valuation_Threshold,Speeders_Valuation_TestDummy,Slowers_Valuation_TestDummy,ClassDummy,EmployDummy_Retired,EmployDummy_Employed,IncomeMidpoints,Income_MissingDummy,AgeGroup,Dummy_HighEducation,Age_1829Dummy,Age_3044Dummy,Age_4560Dummy,Age_60Dummy,AgeGroup_Numeric,IncomeMidpoints_PlusMissing,Q12InsectIDQuiz_DV_1_Dummy,Q12InsectIDQuiz_DV_2_Dummy,Q12InsectIDQuiz_DV_3_Dummy,Q12InsectIDQuiz_DV_4_Dummy,Q12InsectIDQuiz_DV_5_Dummy,Q12InsectIDQuiz_DV_6_Dummy,Q12InsectIDQuiz_Score,Q12InsectIDQuiz_DV_6_ScoreScaled,CE_TasksConsequentiality_1_Scaled,CE_TasksConsequentiality_2_Scaled,QX_BidVector_All,CE_ANA_None,CE_ANA_All
444,1725897886.74768,2024-09-09T18:04:46.748Z,444.539,1,,31,1,1,2,1,BD20,9,5,Ant,Beetle,Creepy,Beetle,Any,Ladybug,1,5,4,1,4,3,3,2,4,Ant: incorrect,Wasp: correct,Beetle: correct,Beetle: correct,Bee: correct,Wasp: incorrect,4,2,1,1,1,1,1,1,1,1,1,4,1,100,2,-2,,,1,2,1,2,3,3,2,1,3,,,100,100,100,1,1,1,1,1,44,12,14,15,25,17,14,19,25,15,17,11,1,2,13,15,4,3,14,9,6,10,7,6,20,26,8,21,15,10,9,1,12,19,15,12,11,27,21,14,12,14,21,15,6,85,92,91,90,94,88,94,95,87,93,10,70,82,84,86,15,90,5,3,5,5,2,2,2,1,2,2,5,2,2,2,2,2,2,2,2,2,1,No,1,100,Thank you,444.539,426.91608,1316.32458,1,1,127.458678007126,230.79923915863,103.340561151504,103.828797798157,320.138793210983,0,1,1,0,1,2750.5,0,30-44,1,0,1,0,0,37,2750.5,0,1,1,1,1,0,4,66.67,4,1,100,0,1
424,1725897858.18242,2024-09-09T18:04:18.182Z,503.999,1,,26,1,1,2,13,B21,8,4,Creepy-crawlies,Ant,Bug,Bug,Fly,Spider,1,3,2,3,5,5,1,2,3,Beetle: incorrect,I don’t know: incorrect,I don’t know: incorrect,Ant: incorrect,Bee: correct,Beetle: correct,4,5,2,1,2,2,2,1,2,1,5,4,2,,,,1,,2,1,3,3,3,3,3,3,3,,,68,59,63,1,1,1,2,1,77,68,61,67,67,72,57,64,64,58,69,59,64,59,65,64,66,63,33,66,63,62,30,62,60,60,63,58,31,65,61,60,28,62,69,63,62,57,31,64,71,61,30,61,74,70,69,72,64,68,62,71,68,64,58,64,62,65,67,66,62,50,3,5,4,3,1,2,1,1,2,1,4,1,2,2,2,1,2,2,1,2,1,No,1,64,Good survey,503.999,426.91608,1316.32458,1,1,229.00980091095,311.748197078705,82.738396167755,103.828797798157,320.138793210983,0,1,1,0,1,2250.5,0,18-29,0,1,0,0,0,23.5,2250.5,0,0,0,0,1,1,2,33.33,0,1,1,0,0
435,1725897877.4885,2024-09-09T18:04:37.489Z,493.725,1,,48,2,1,2,9,NW10,9,8,Protein,Bugs,Noise,Ant,Roaches,Bee,1,4,3,1,2,3,3,2,2,Ant: incorrect,Bee: incorrect,Beetle: correct,Beetle: correct,Bee: correct,Bee: correct,5,1,2,2,2,2,2,2,2,1,5,5,1,10,1,-2,,,2,2,1,1,1,1,1,2,2,,,94,100,100,1,1,1,1,1,32,16,24,15,18,17,21,21,23,30,11,19,19,18,27,19,22,28,23,32,19,19,25,19,30,18,22,26,30,28,13,16,29,25,20,20,28,17,30,25,26,21,25,29,22,95,100,100,62,98,98,91,96,100,97,77,98,97,100,93,100,100,6,4,2,3,2,2,2,1,2,2,5,1,1,1,1,1,2,2,2,2,2,None at all,2,100,A very clear and well presented study and very engaging and relevant.,493.725,426.91608,1316.32458,1,1,201.664057970047,274.967580795288,73.303522825241,103.828797798157,320.138793210983,0,1,1,0,1,5000.5,0,45-60,1,0,0,1,0,52.5,5000.5,0,0,1,1,1,1,4,66.67,0,0,10,0,1
420,1725897851.27201,2024-09-09T18:04:11.272Z,539.714,1,,38,2,1,2,1,NG17,8,5,spider,fly,mosquito,spider,fly,beetle,1,5,5,5,5,5,3,2,4,I don’t know: incorrect,I don’t know: incorrect,I don’t know: incorrect,Beetle: correct,Bee: correct,Wasp: incorrect,5,2,2,2,1,1,1,2,2,1,5,3,1,1,2,-2,,,1,1,2,1,1,1,1,2,2,,,73,94,100,1,2,1,1,1,30,34,22,55,46,39,62,46,45,39,37,33,67,30,55,36,66,26,36,44,28,57,34,23,53,34,33,37,60,56,29,55,33,38,33,33,29,71,33,31,37,34,31,56,38,92,98,83,87,71,88,72,97,93,89,100,97,83,84,95,86,83,5,4,4,4,2,2,2,1,1,2,5,1,1,2,2,2,2,2,2,2,2,no,1,98,excellent,539.714,426.91608,1316.32458,1,1,210.733860015869,332.388311862946,121.654451847077,103.828797798157,320.138793210983,1,1,1,0,1,2750.5,0,30-44,1,0,1,0,0,37,2750.5,0,0,0,1,1,0,2,33.33,0,2,1,0,0
441,1725897881.54072,2024-09-09T18:04:41.541Z,531.598,1,,66,2,1,1,3,NE66,9,8,Bug,Garden,Summer,Spider,Earwig,Fly,1,3,3,4,5,3,3,4,2,Wasp: correct,I don’t know: incorrect,Beetle: correct,Beetle: correct,Wasp: incorrect,Bee: correct,4,4,2,2,2,2,2,2,2,1,3,4,2,,,,0,,3,3,3,3,3,3,3,3,3,8,,100,100,80,2,1,2,1,1,83,100,16,94,81,69,82,65,71,68,74,72,78,88,66,71,73,72,62,58,76,92,79,93,88,100,81,95,100,100,68,77,62,78,58,89,84,58,84,100,35,86,58,57,100,0,67,33,10,7,13,80,32,61,27,65,31,59,57,86,8,78,6,1,1,6,2,2,2,1,1,2,4,1,1,1,1,1,1,1,1,1,1,The whole thing was  biased,2,16,None,531.598,426.91608,1316.32458,1,1,148.951286077499,279.203192949295,130.251906871796,103.828797798157,320.138793210983,1,1,1,0,1,5000.5,0,60+,0,0,0,0,1,60,5000.5,1,0,1,1,0,1,4,66.67,2,1,0,0,0
449,1725897903.3145,2024-09-09T18:05:03.315Z,510.095,1,,50,2,1,2,1,BL6,7,8,Wasp,Spiders,Worms,Wasp,Worms,Ants,1,5,5,4,3,3,3,2,4,Wasp: correct,Beetle: incorrect,Beetle: correct,Beetle: correct,Bee: correct,Wasp: incorrect,5,5,1,1,1,1,1,1,1,1,5,5,3,,,,,40000,3,1,2,2,1,3,3,1,1,,,100,100,100,1,1,1,1,1,19,2,0,6,8,0,19,15,19,12,17,15,6,18,21,14,10,10,13,10,3,17,18,9,9,7,12,2,7,3,19,14,14,14,14,15,17,22,10,15,16,9,14,7,4,100,100,100,100,100,100,100,100,100,100,100,100,100,100,100,100,100,2,2,1,1,1,1,1,1,1,1,2,2,1,1,2,1,1,1,1,1,1,None,1,100,None,510.095,426.91608,1316.32458,1,1,162.572654008865,293.187738895416,130.615084886551,103.828797798157,320.138793210983,1,1,1,0,1,5000.5,0,45-60,0,0,0,1,0,52.5,5000.5,1,0,1,1,1,0,4,66.67,0,0,40000,0,1
421,1725897853.56599,2024-09-09T18:04:13.566Z,584.452,1,,32,2,1,2,1,NR3,6,5,Bug,Stick bug,Moth,Bug,Lady bug,Stick bug,1,5,5,1,5,3,3,2,2,Ant: incorrect,I don’t know: incorrect,Beetle: correct,Beetle: correct,Bee: correct,Bee: correct,5,5,2,2,4,2,2,2,3,1,5,5,2,,,,10,,2,2,1,2,2,1,2,1,2,,,100,100,100,1,1,1,1,1,0,0,0,6,0,0,0,0,6,0,12,0,10,0,17,0,0,0,0,0,0,0,0,0,0,0,0,0,0,0,0,0,0,0,0,0,0,0,0,0,1,4,0,0,0,100,100,91,100,100,100,100,100,100,100,36,94,15,100,100,100,100,6,6,5,5,2,2,2,1,2,1,5,2,2,2,2,2,2,2,2,2,2,Not really it was okay,1,100,:),584.452,426.91608,1316.32458,1,1,150.364818096161,270.466737031937,120.101918935776,103.828797798157,320.138793210983,1,1,1,0,1,2750.5,0,30-44,1,0,1,0,0,37,2750.5,0,0,1,1,1,1,4,66.67,0,0,10,0,1
428,1725897866.96415,2024-09-09T18:04:26.964Z,620.6,1,,28,2,1,2,9,LE2,6,2,Small,Dangerous,Harmful,Ant,Grasshoppe,Fly,1,3,4,4,2,1,1,2,4,Wasp: correct,Bee: incorrect,Ant: incorrect,Ant: incorrect,Bee: correct,Wasp: incorrect,4,4,2,2,2,3,3,2,3,1,4,4,3,,,,,200,1,2,2,1,2,1,2,1,2,,,80,63,68,1,1,1,1,1,68,19,66,14,64,12,67,9,86,15,71,72,75,76,72,16,66,12,84,19,67,9,80,9,86,16,73,14,90,10,78,10,77,14,85,33,75,18,78,17,24,78,27,88,31,83,90,92,73,71,72,67,69,71,71,66,67,72,67,59,71,89,4,5,2,5,2,2,2,1,2,1,5,2,1,2,1,2,2,2,1,2,1,None,1,81,No comment,620.6,426.91608,1316.32458,1,1,218.723793983459,385.849211931229,167.12541794777,103.828797798157,320.138793210983,1,1,1,0,1,1250.5,0,18-29,1,1,0,0,0,23.5,1250.5,1,0,0,0,1,0,2,33.33,1,1,200,0,1
448,1725897898.31923,2024-09-09T18:04:58.319Z,595.362,1,,27,2,1,2,15,TS1,8,8,Diseases,Invasion,Disturbing,Bees,Flies,Aunts,1,4,5,4,4,3,1,2,2,Wasp: correct,Wasp: correct,Beetle: correct,Ant: incorrect,Bee: correct,Bee: correct,2,5,2,2,2,2,2,2,2,1,4,4,2,,,,20,,1,1,2,1,1,1,1,2,1,,,86,100,100,1,1,1,1,1,28,21,22,17,13,74,21,18,16,16,60,16,16,16,15,33,28,17,19,17,19,21,21,19,17,21,21,20,19,19,10,5,13,9,9,10,3,8,6,5,12,11,10,14,2,90,96,32,82,81,81,84,79,73,86,31,89,97,94,100,72,97,4,4,3,3,2,2,2,2,2,2,5,1,2,2,2,2,2,2,2,2,2,No,1,100,None,595.362,426.91608,1316.32458,1,1,166.451396942139,321.328207969666,154.876811027527,103.828797798157,320.138793210983,1,1,1,0,1,5000.5,0,18-29,1,1,0,0,0,23.5,5000.5,1,1,1,0,1,1,5,83.33,1,1,20,0,1
422,1725897854.61221,2024-09-09T18:04:14.612Z,663.747,1,,39,2,1,2,4,SO17,8,5,Bug,Fly,Spider,Spider,Fly,Wasp,1,2,3,1,4,3,1,2,3,Ant: incorrect,Wasp: correct,Beetle: correct,Ant: incorrect,Bee: correct,Beetle: correct,5,5,2,3,2,1,3,3,2,1,5,4,3,,,,,5,2,1,1,1,1,2,2,2,1,,,100,100,100,1,1,1,1,1,0,0,0,0,1,0,0,0,0,0,100,100,100,100,0,0,0,0,0,0,0,0,0,0,0,100,100,100,100,0,0,0,0,0,0,0,0,0,0,0,100,0,0,100,0,100,100,100,100,100,100,100,100,100,100,100,32,21,100,100,100,100,6,5,2,2,2,2,2,1,1,2,5,1,1,1,2,2,2,2,2,2,2,No,1,100,"Interesting survey about bugs, never considered this but it's very important,  good work",663.747,426.91608,1316.32458,1,1,167.998749017715,328.519635915756,160.520886898041,103.828797798157,320.138793210983,1,1,1,0,1,2750.5,0,30-44,1,0,1,0,0,37,2750.5,0,1,1,0,1,1,4,66.67,0,1,5,0,1
439,1725897880.9896,2024-09-09T18:04:40.990Z,711.073,1,,73,2,1,2,1,NG31,3,6,bee,butterfly,moth,moth,bee,wasp,1,5,5,1,3,3,5,2,2,Ant: incorrect,Beetle: incorrect,Beetle: correct,I don’t know: incorrect,Bee: correct,Bee: correct,5,1,1,1,1,1,1,1,1,1,5,5,3,,,,,0,3,3,3,3,3,2,3,3,3,,,84,83,82,1,1,1,1,1,43,39,41,36,36,19,9,9,10,10,78,68,61,62,67,12,24,8,9,10,4,2,3,4,4,70,74,72,70,71,9,12,8,11,11,1,1,1,2,1,12,43,31,37,32,90,93,64,69,78,96,58,95,95,98,32,67,62,71,94,96,85,4,4,2,2,2,2,2,1,1,2,5,1,1,1,2,2,2,2,2,2,2,no,1,99,none,711.073,426.91608,1316.32458,1,1,161.108425140381,351.802943944931,190.69451880455,103.828797798157,320.138793210983,1,1,0,1,0,3250.5,0,60+,1,0,0,0,1,60,3250.5,0,0,1,0,1,1,3,50,0,0,0,0,1
423,1725897855.03496,2024-09-09T18:04:15.035Z,761.97,1,,24,1,3,2,1,cf24,10,7,bees,ants,butterflies,bee,ants,butterflie,1,5,5,5,5,3,1,2,4,I don’t know: incorrect,I don’t know: incorrect,Beetle: correct,Ant: incorrect,Bee: correct,Wasp: incorrect,1,2,2,2,2,2,2,2,2,1,4,4,3,,,,,15,1,1,1,1,1,2,2,2,1,,,100,67,68,1,2,1,1,1,0,0,0,0,1,27,0,0,1,0,42,22,23,23,0,2,0,1,0,0,0,0,0,0,0,1,0,1,0,1,0,0,1,1,0,0,1,0,0,1,1,1,1,1,1,100,72,1,27,99,99,0,99,76,99,2,99,77,99,99,99,100,6,4,2,2,2,2,2,2,2,2,5,1,2,2,2,2,2,2,2,2,2,no they were all easy to understand,1,100,easy to answer and understand on an important topic,761.97,426.91608,1316.32458,1,1,157.724447011948,375.471932888031,217.747485876083,103.828797798157,320.138793210983,1,1,1,0,1,3750.5,0,18-29,1,1,0,0,0,23.5,3750.5,0,0,1,0,1,0,2,33.33,1,1,15,0,0
447,1725897891.87449,2024-09-09T18:04:51.874Z,742.594,1,,48,1,1,2,1,LE1,6,6,Spider,Creepy,Small,Lady bird,Ear wig,Ant,1,5,5,1,1,3,3,2,4,Ant: incorrect,Ant: incorrect,Beetle: correct,Beetle: correct,Bee: correct,Wasp: incorrect,5,5,1,1,1,1,1,1,1,1,5,4,2,,,,10,,1,1,2,1,2,1,1,1,2,,,100,100,100,1,1,1,1,1,100,100,92,97,6,100,100,100,100,10,100,100,99,100,8,100,98,100,100,6,99,97,97,100,10,98,96,100,100,3,13,8,7,8,96,0,0,4,7,97,8,5,7,13,100,100,100,21,100,90,100,13,96,97,100,9,97,100,100,100,95,100,7,5,2,3,2,2,2,1,2,2,3,1,1,1,1,1,1,1,1,1,2,No,1,100,No,742.594,426.91608,1316.32458,1,1,227.56894993782,442.44145488739,214.87250494957,103.828797798157,320.138793210983,1,1,1,0,1,3250.5,0,45-60,0,0,0,1,0,52.5,3250.5,0,0,1,1,1,0,3,50,0,1,10,0,1
443,1725897885.26391,2024-09-09T18:04:45.264Z,750.565,1,,50,2,2,2,1,DD1,9,8,Spider,Creepy,Mosquitoes,Mosquito,Bee,Wasp,1,5,5,1,5,3,3,2,4,Ant: incorrect,I don’t know: incorrect,Beetle: correct,Beetle: correct,Bee: correct,Wasp: incorrect,5,3,1,1,1,2,1,2,1,1,5,3,1,2,1,-2,,,1,1,2,1,1,1,3,2,2,,,97,88,94,1,1,1,1,1,71,29,25,28,19,14,17,22,17,19,66,28,33,39,35,33,20,23,23,18,9,6,7,2,3,57,36,36,34,31,4,4,3,6,2,3,6,5,4,9,41,26,32,34,24,64,100,54,55,91,100,57,95,99,93,57,80,97,100,98,95,76,7,5,3,2,2,2,2,2,1,2,5,1,1,1,1,1,2,2,2,2,2,None,1,100,"Nothing to add, bar good luck!",750.565,426.91608,1316.32458,1,1,202.348333835602,402.304426908493,199.956093072891,103.828797798157,320.138793210983,1,1,1,0,1,5000.5,0,45-60,1,0,0,1,0,52.5,5000.5,0,0,1,1,1,0,3,50,0,2,2,0,1
436,1725897879.64081,2024-09-09T18:04:39.641Z,851.412,1,,43,1,1,2,1,B30,8,8,FLY,BUG,MOSQUITO,MOSQUITO,FLY,ANT,1,5,4,1,5,3,1,2,4,Ant: incorrect,I don’t know: incorrect,Beetle: correct,Ant: incorrect,Bee: correct,Wasp: incorrect,4,1,1,1,1,1,1,1,1,1,4,4,3,,,,,0,3,1,2,1,1,2,3,2,3,,,71,53,58,1,1,1,1,2,25,19,20,16,20,31,30,30,29,28,97,99,86,87,79,53,43,48,37,47,30,26,31,27,39,84,88,87,87,87,46,46,46,45,46,31,29,30,28,30,91,88,88,85,87,54,53,23,11,14,15,59,94,33,98,78,23,23,10,98,97,98,4,4,2,2,1,2,1,1,2,2,6,1,2,2,2,2,2,2,2,2,2,NONE,2,81,NONE,851.412,426.91608,1316.32458,1,1,327.794235944748,518.080832958221,190.286597013473,103.828797798157,320.138793210983,1,1,1,0,1,5000.5,0,30-44,1,0,1,0,0,37,5000.5,0,0,1,0,1,0,2,33.33,1,1,0,0,0
432,1725897873.21426,2024-09-09T18:04:33.214Z,873.53,1,,49,1,1,2,1,B32,7,7,Fly,Bite,Annoying,Ant,Moth,Ladybird,1,4,4,3,5,3,3,2,4,Beetle: incorrect,I don’t know: incorrect,Beetle: correct,Beetle: correct,Bee: correct,Wasp: incorrect,5,2,2,1,2,1,1,1,1,1,4,5,1,5,1,-2,,,1,2,3,1,1,1,3,2,2,,,94,59,83,1,1,1,1,1,66,65,56,57,61,74,58,61,64,64,55,65,42,58,58,41,38,42,43,43,44,44,43,40,43,42,43,46,50,46,40,42,38,38,43,42,42,40,42,39,42,41,39,42,38,69,67,25,39,58,63,45,62,62,75,55,61,68,85,89,86,91,6,3,2,3,2,2,1,1,2,2,3,1,2,2,2,2,2,2,2,2,2,No,1,87,No comment to make,873.53,426.91608,1316.32458,1,1,234.688206911087,559.206416845322,324.518209934235,103.828797798157,320.138793210983,1,0,1,0,1,3750.5,0,45-60,0,0,0,1,0,52.5,3750.5,0,0,1,1,1,0,3,50,1,0,5,0,1
429,1725897867.1027,2024-09-09T18:04:27.103Z,888.449,1,,25,1,1,2,1,SO18,8,7,Bug,Small,Ants,Ant,Fly,Spider,1,5,5,5,5,1,3,2,5,I don’t know: incorrect,I don’t know: incorrect,Ant: incorrect,Beetle: correct,Bee: correct,I don’t know: incorrect,4,5,1,1,1,1,1,1,1,1,5,5,1,30,1,-2,,,2,1,2,2,2,1,2,2,1,,,72,79,79,1,2,2,1,1,83,78,19,88,82,77,29,79,30,81,30,85,72,77,15,86,14,77,74,70,20,82,68,29,67,77,30,77,28,73,70,73,14,82,76,75,18,74,72,76,80,23,71,63,19,81,75,78,82,80,86,82,80,87,88,77,80,85,86,85,84,78,4,4,3,3,2,2,2,1,2,2,5,1,2,1,2,1,2,1,1,1,1,No,1,88,None,888.449,426.91608,1316.32458,1,1,517.41331410408,592.57682299614,75.16350889206,103.828797798157,320.138793210983,0,1,1,0,1,3750.5,0,18-29,1,1,0,0,0,23.5,3750.5,0,0,0,1,1,0,2,33.33,0,0,30,0,0
438,1725897880.51059,2024-09-09T18:04:40.511Z,900.442,1,,42,1,1,2,9,Wa15,8,5,Sting,Smell,Pest,Cockroach,Ladybug,Spider,1,5,4,2,3,1,3,2,2,Bee: incorrect,Beetle: incorrect,Ant: incorrect,Beetle: correct,Bee: correct,Bee: correct,5,4,1,1,1,1,1,1,1,1,5,5,1,10,2,-2,,,2,2,1,1,2,2,1,1,1,,,90,75,96,1,1,1,1,2,11,22,21,20,21,13,16,17,20,21,19,15,18,24,23,13,19,24,18,24,18,12,19,19,24,21,21,23,21,28,20,19,23,28,28,22,19,22,26,24,27,22,27,28,29,90,99,74,43,94,92,45,100,95,93,47,93,100,100,82,79,86,7,3,1,4,2,2,1,1,2,2,5,1,1,1,1,1,1,1,1,1,1,No,1,100,It was informative,900.442,426.91608,1316.32458,1,1,416.803210020065,628.35858798027,211.555377960205,103.828797798157,320.138793210983,1,1,1,0,1,2750.5,0,30-44,1,0,1,0,0,37,2750.5,0,0,0,1,1,1,3,50,0,0,10,0,0
462,1725898373.80145,2024-09-09T18:12:53.801Z,523.179,1,,48,1,1,1,1,Ss5,8,7,Pest,Crawl,Itchy,Ant,Spider,Fly,1,4,4,1,1,3,3,4,4,Ant: incorrect,Ant: incorrect,Beetle: correct,Beetle: correct,Wasp: incorrect,Wasp: incorrect,5,1,2,2,2,2,2,2,2,1,5,5,2,,,,5,,2,1,1,1,1,2,2,2,1,,,100,100,98,1,1,1,1,1,95,27,25,30,12,96,100,19,24,34,100,100,100,100,34,69,16,18,28,31,13,19,22,17,11,100,84,98,75,100,29,43,50,50,50,24,0,0,11,4,100,69,95,61,100,85,86,8,61,50,50,100,100,100,100,100,58,100,55,97,93,92,4,4,1,1,2,2,2,1,2,2,4,1,1,2,2,2,2,2,2,2,2,None I didn't understand,1,100,Nothing,523.179,426.91608,1316.32458,1,1,143.193916082382,291.959136962891,148.765220880509,103.828797798157,320.138793210983,1,1,1,0,1,3750.5,0,45-60,0,0,0,1,0,52.5,3750.5,0,0,1,1,0,0,2,33.33,0,0,5,0,1
479,1725898523.34023,2024-09-09T18:15:23.340Z,386.944,1,,22,2,1,1,13,nn1,2,3,Disgusting,Evil,Uneccesarry,Tarnatula,Spider,Mosca,1,4,4,2,3,2,4,3,2,Bee: incorrect,Beetle: incorrect,Bee: incorrect,Wasp: incorrect,Beetle: incorrect,Bee: correct,3,5,3,1,4,2,2,3,4,1,4,5,2,,,,4,,3,2,3,2,1,2,3,2,3,,,36,83,70,1,1,1,1,1,71,70,68,71,82,16,75,68,22,63,75,77,22,18,19,80,81,73,18,67,82,73,67,63,60,85,68,32,23,19,79,70,63,62,72,81,92,75,22,70,90,87,92,79,69,78,69,57,11,63,78,72,15,75,76,66,28,88,73,74,73,20,7,5,3,3,1,1,1,1,1,1,6,1,2,2,1,1,2,1,2,1,1,No,1,79,Good,386.944,426.91608,1316.32458,0,1,193.891498088837,251.510224103928,57.618726015091,103.828797798157,320.138793210983,0,1,0,0,0,1750.5,0,18-29,1,1,0,0,0,23.5,1750.5,0,0,0,0,0,1,1,16.67,1,0,4,0,1
419,1725897833.71026,2024-09-09T18:03:53.710Z,1154.549,1,,63,1,1,1,1,DL2,5,2,Beetle,Six legs,Sting,Honey bee,Crane fly,Hover fly,1,5,5,1,3,3,3,2,2,Ant: incorrect,Beetle: incorrect,Beetle: correct,Beetle: correct,Bee: correct,Bee: correct,2,4,1,1,1,1,1,1,1,1,5,5,2,,,,2,,2,1,1,1,1,2,2,2,1,,,82,100,81,1,1,1,1,1,1,1,1,2,3,0,1,0,5,1,0,2,0,0,0,1,0,0,0,0,0,0,0,0,0,1,2,3,2,0,3,0,3,2,5,6,4,0,0,0,0,0,1,1,0,99,100,37,87,100,100,81,100,100,100,81,100,94,100,94,86,100,7,6,1,1,1,2,2,1,1,2,5,1,1,1,2,2,2,2,2,2,2,No,1,100,Very interesting and a refreshing change from surveys on shopping habits!,1154.549,426.91608,1316.32458,1,1,228.240452051163,682.782761096954,454.542309045791,103.828797798157,320.138793210983,1,0,0,0,1,1250.5,0,60+,1,0,0,0,1,60,1250.5,0,0,1,1,1,1,4,66.67,0,0,2,0,1
461,1725898359.31768,2024-09-09T18:12:39.318Z,633.546,1,,63,1,1,2,1,WS10,4,4,Creepy,Crawly,Legs,Beetle,Centipede,Spider,1,4,4,3,3,3,3,2,3,Beetle: incorrect,Beetle: incorrect,Beetle: correct,Beetle: correct,Bee: correct,Beetle: correct,4,4,2,2,2,2,2,2,2,1,4,4,1,20,2,-2,,,1,2,1,1,1,1,1,2,2,,,50,56,60,1,1,1,1,1,50,57,50,50,50,50,54,56,52,60,55,35,60,67,67,59,60,54,57,57,50,48,56,56,53,53,62,61,60,62,55,55,57,59,47,50,41,40,35,44,49,64,71,49,58,100,100,100,39,100,100,100,100,100,100,100,100,100,100,100,100,100,3,3,4,2,2,2,2,1,2,2,2,2,2,2,2,2,2,2,2,2,2,No,2,100,No,633.546,426.91608,1316.32458,1,1,180.666375160217,323.562658071518,142.896282911301,103.828797798157,320.138793210983,1,1,0,0,0,2250.5,0,60+,0,0,0,0,1,60,2250.5,0,0,1,1,1,1,4,66.67,1,1,20,0,1
471,1725898410.10613,2024-09-09T18:13:30.106Z,620.171,1,,59,1,2,1,1,PA14,6,3,Bettle,Spider,Blue bottle,Spider,Fly,Worm,1,5,5,3,4,3,1,2,5,Beetle: incorrect,Wasp: correct,Beetle: correct,Ant: incorrect,Bee: correct,I don’t know: incorrect,5,5,2,3,2,3,2,2,3,1,5,5,3,,,,,1,3,3,3,3,3,2,3,2,3,,,61,63,65,1,1,1,1,1,23,50,29,44,25,60,22,26,26,50,20,43,50,50,50,50,50,36,50,50,27,27,50,50,31,25,50,31,50,50,30,25,20,30,50,27,26,24,30,50,25,27,30,50,50,35,50,90,78,75,93,89,94,92,90,98,96,100,99,93,96,50,5,5,1,2,2,2,2,1,2,2,3,2,2,2,2,2,2,2,2,2,2,No,2,92,No,620.171,426.91608,1316.32458,1,1,155.00291800499,344.233836174011,189.230918169021,103.828797798157,320.138793210983,1,1,1,0,1,1750.5,0,45-60,0,0,0,1,0,52.5,1750.5,0,1,1,0,1,0,3,50,0,0,1,0,1
463,1725898380.08964,2024-09-09T18:13:00.090Z,684.598,1,,20,2,2,2,15,AB24,9,6,Legs,Tiny,Weird,Any,Caterpilla,Stick,1,2,4,1,5,1,3,2,4,Ant: incorrect,I don’t know: incorrect,Ant: incorrect,Beetle: correct,Bee: correct,Wasp: incorrect,4,2,2,2,1,3,1,2,2,1,4,5,2,,,,100,,3,3,1,1,1,2,2,2,1,,,76,85,72,1,2,2,2,1,84,42,30,68,37,74,32,71,78,18,19,32,68,36,61,77,34,58,74,37,64,35,71,37,66,82,36,18,58,39,71,36,81,71,36,80,37,70,71,42,84,25,44,67,65,70,88,74,58,87,63,68,89,71,73,87,65,88,69,85,64,38,3,2,2,4,1,1,2,1,2,2,4,1,2,2,1,2,2,2,1,1,1,Easy questions,1,85,Nothing to say,684.598,426.91608,1316.32458,1,1,181.18721818924,448.90224313736,267.71502494812,103.828797798157,320.138793210983,1,1,1,0,1,3250.5,0,18-29,0,1,0,0,0,23.5,3250.5,0,0,0,1,1,0,2,33.33,1,0,100,0,0
477,1725898463.22003,2024-09-09T18:14:23.220Z,603.772,1,,54,2,1,2,1,BS11,4,1,bee,fly,gnat,bee,fly,gnat,1,4,4,4,3,3,1,2,4,Wasp: correct,Beetle: incorrect,Beetle: correct,Ant: incorrect,Bee: correct,Wasp: incorrect,4,2,2,2,1,1,1,1,1,1,4,4,3,,,,,2,3,3,1,3,3,2,3,2,3,,,95,94,96,1,1,1,1,1,15,17,16,16,18,76,59,58,64,69,74,68,66,64,69,22,20,18,18,16,70,67,67,62,68,69,68,60,64,68,12,11,10,11,10,72,68,67,68,70,75,64,65,65,67,98,97,26,28,72,71,36,46,60,57,56,45,57,57,93,94,38,1,1,2,4,2,2,2,1,2,2,4,1,1,2,2,2,2,2,2,2,2,no,1,95,good,603.772,426.91608,1316.32458,1,1,152.143244981766,297.051209926605,144.907964944839,103.828797798157,320.138793210983,1,1,0,0,0,500,0,45-60,0,0,0,1,0,52.5,500,1,0,1,0,1,0,3,50,1,1,2,0,1
440,1725897881.17954,2024-09-09T18:04:41.180Z,1213.88,1,,29,2,3,2,1,CF5,9,5,bugs,carwling,small,ant,spider,mosquito,1,3,4,1,3,3,1,2,4,Ant: incorrect,Beetle: incorrect,Beetle: correct,Ant: incorrect,Bee: correct,Wasp: incorrect,4,2,1,1,1,1,1,1,1,1,5,5,3,,,,,10,2,1,1,1,1,2,2,2,2,,,98,97,95,1,1,1,1,1,29,29,13,10,7,22,15,22,27,25,18,19,11,13,8,17,6,9,16,11,18,7,14,9,5,5,9,13,15,11,11,23,13,8,8,15,7,13,8,13,16,7,8,13,7,12,8,58,83,87,81,64,74,64,75,67,79,71,75,94,93,71,6,4,3,4,1,2,2,1,2,2,6,1,2,2,2,2,1,1,1,1,1,nothing everything was very good and easy to understand,1,94,very good survey,1213.88,426.91608,1316.32458,1,1,278.983131170273,772.64097905159,493.657847881317,103.828797798157,320.138793210983,1,0,1,0,1,2750.5,0,18-29,1,1,0,0,0,23.5,2750.5,0,0,1,0,1,0,2,33.33,0,0,10,0,1
459,1725898354.93487,2024-09-09T18:12:34.935Z,742.277,1,,69,1,1,2,1,NG9,3,5,Buzz,Flying,Bite,Ant,Fly,Moth,1,5,5,1,1,1,3,4,2,Ant: incorrect,Ant: incorrect,Ant: incorrect,Beetle: correct,Wasp: incorrect,Bee: correct,5,4,1,2,2,2,2,2,2,1,4,4,3,,,,,1,3,1,1,1,3,2,2,2,1,,,87,86,86,1,1,1,1,1,19,19,14,16,14,10,12,13,14,13,10,11,8,10,11,7,12,9,7,4,3,6,6,3,6,3,5,5,8,6,6,8,7,7,6,5,6,8,9,10,7,4,5,5,3,5,3,4,5,6,5,6,4,2,3,1,3,4,1,90,53,85,6,5,1,4,1,2,2,1,2,2,3,2,2,2,2,1,1,1,1,1,1,None,1,97,Nothing to add,742.277,426.91608,1316.32458,1,1,282.132190942764,460.073740959167,177.941550016403,103.828797798157,320.138793210983,1,1,0,1,0,2750.5,0,60+,0,0,0,0,1,60,2750.5,0,0,0,1,0,1,2,33.33,1,1,1,0,1
473,1725898415.44238,2024-09-09T18:13:35.442Z,697.921,1,,61,2,1,1,1,m26,1,2,bee,wasp,fly,bee,wasp,flyspider,1,5,5,1,4,3,1,2,4,Ant: incorrect,Wasp: correct,Beetle: correct,Ant: incorrect,Bee: correct,Wasp: incorrect,5,5,1,1,3,2,1,2,1,1,5,5,1,5,2,-2,,,1,1,1,1,1,1,1,2,2,,,86,84,79,1,1,1,1,1,9,15,15,16,17,86,85,84,84,84,75,75,67,67,65,23,20,18,16,15,45,27,23,21,18,59,60,59,58,58,20,20,20,19,20,14,18,18,32,18,59,58,58,58,57,79,84,89,88,88,91,89,89,89,89,46,44,42,43,79,1,60,5,5,4,4,1,1,1,2,2,2,2,1,1,1,1,2,2,2,2,2,2,no all good,1,94,all good,697.921,426.91608,1316.32458,1,1,199.246325969696,348.946403026581,149.700077056885,103.828797798157,320.138793210983,1,1,0,0,0,1250.5,0,60+,0,0,0,0,1,60,1250.5,0,1,1,0,1,0,3,50,0,0,5,0,1
455,1725898221.08887,2024-09-09T18:10:21.089Z,999.828,1,,45,2,1,1,1,PL14,5,5,bees,bugs,flies,bee,fly,wasp,1,5,5,1,5,3,3,2,2,Ant: incorrect,I don’t know: incorrect,Beetle: correct,Beetle: correct,Bee: correct,Bee: correct,1,2,1,1,1,1,1,1,1,1,3,3,2,,,,5,,3,1,1,3,1,2,3,2,3,,,87,100,51,1,1,1,1,1,32,51,43,44,27,32,18,34,41,11,63,52,42,49,45,41,48,32,39,25,29,28,32,40,18,59,53,45,47,40,38,43,31,39,28,25,27,39,42,17,51,46,49,49,43,91,94,19,54,88,82,62,100,87,100,62,83,54,86,88,81,71,4,3,1,5,2,2,2,1,2,2,5,1,1,2,2,2,2,2,2,2,2,none,1,96,nothing to add,999.828,426.91608,1316.32458,1,1,273.345535039902,590.000689983368,316.655154943466,103.828797798157,320.138793210983,1,1,0,0,1,2750.5,0,45-60,1,0,0,1,0,52.5,2750.5,0,0,1,1,1,1,4,66.67,2,2,5,0,1
453,1725898141.50716,2024-09-09T18:09:01.507Z,1093.034,1,,35,2,1,2,2,E8,9,6,Cockroach,Bug,Housefly,Cockroach,Bug,Housefly,1,5,5,2,5,3,1,2,4,Bee: incorrect,I don’t know: incorrect,Beetle: correct,Ant: incorrect,Bee: correct,Wasp: incorrect,4,3,3,2,2,3,2,1,4,1,3,4,3,,,,,100,1,2,1,2,3,2,2,2,1,,,100,89,85,1,1,1,2,2,100,65,94,76,100,99,71,61,64,89,19,87,75,87,100,94,73,75,79,93,76,75,87,95,100,79,78,92,83,77,87,76,81,76,90,89,90,78,84,84,82,78,93,91,94,73,75,27,86,87,92,37,81,91,96,88,76,87,100,98,85,82,3,2,5,5,1,2,1,1,1,1,5,1,1,1,2,1,2,1,2,2,1,No,2,100,I don't have any questions,1093.034,426.91608,1316.32458,1,1,280.610310077667,551.661556005478,271.051245927811,103.828797798157,320.138793210983,1,1,1,0,1,3250.5,0,30-44,1,0,1,0,0,37,3250.5,0,0,1,0,1,0,2,33.33,2,1,100,0,0
465,1725898386.93145,2024-09-09T18:13:06.931Z,890.368,1,,63,1,1,1,1,PE2,10,8,Gnat,Ant,Millepede,Ants,Beetle,Fly,1,4,5,4,5,3,3,2,4,Wasp: correct,I don’t know: incorrect,Beetle: correct,Beetle: correct,Bee: correct,Wasp: incorrect,5,4,2,2,2,2,2,2,2,1,4,4,3,,,,,2,2,1,1,1,1,2,2,2,1,,,77,86,77,1,1,1,1,1,60,62,67,58,66,40,33,39,33,37,33,41,45,54,40,43,64,42,34,36,34,32,54,48,40,78,66,66,67,81,28,28,34,26,33,22,22,17,18,26,68,67,69,58,69,77,79,69,66,71,70,74,76,76,89,62,69,64,66,98,59,63,7,4,3,6,2,2,1,1,1,2,6,2,2,2,2,2,2,2,2,2,2,Nothing,1,91,Great,890.368,426.91608,1316.32458,1,1,288.208494186401,492.230823040009,204.022328853608,103.828797798157,320.138793210983,1,1,1,0,1,5000.5,0,60+,1,0,0,0,1,60,5000.5,1,0,1,1,1,0,4,66.67,1,1,2,0,1
456,1725898249.50541,2024-09-09T18:10:49.505Z,1039.643,1,,56,2,1,2,1,WR5,8,4,legs,wings,sting,spider,wasp,bee,1,4,4,1,4,3,3,2,2,Ant: incorrect,Wasp: correct,Beetle: correct,Beetle: correct,Bee: correct,Bee: correct,2,4,2,2,2,2,2,2,2,1,4,4,1,5,1,-2,,,1,2,3,1,1,1,3,2,2,,,56,58,56,2,2,2,2,1,46,47,47,48,46,47,47,47,47,47,52,53,53,53,54,48,47,47,47,48,48,48,48,47,47,52,53,55,55,55,47,46,47,47,46,48,48,47,48,47,51,53,54,54,55,52,52,55,54,56,57,54,55,54,55,54,54,53,54,59,57,59,7,5,1,3,2,2,2,1,1,1,3,1,1,2,2,2,2,2,2,2,2,N.a,2,85,N.a,1039.643,426.91608,1316.32458,1,1,265.306378126144,591.055334091187,325.748955965043,103.828797798157,320.138793210983,1,0,1,0,1,2250.5,0,45-60,0,0,0,1,0,52.5,2250.5,0,1,1,1,1,1,5,83.33,1,1,5,0,0
452,1725897945.00098,2024-09-09T18:05:45.001Z,1346.073,1,,44,1,1,2,4,SE13,1,9,Ecosystem,Buzzing,Life,Fly,Bee,Ladybird,1,5,5,5,5,3,3,2,4,I don’t know: incorrect,I don’t know: incorrect,Beetle: correct,Beetle: correct,Bee: correct,Wasp: incorrect,2,2,2,2,2,2,2,2,2,1,4,4,1,5,2,-2,,,1,2,2,1,2,1,2,1,2,,,81,82,70,1,1,1,1,1,73,57,57,40,39,23,29,31,18,13,87,67,59,50,35,38,45,44,41,38,16,14,40,26,17,95,58,38,39,30,28,29,34,38,28,11,15,23,19,9,74,46,44,41,19,83,82,39,60,65,76,84,100,100,100,38,64,64,76,82,69,61,6,3,2,4,2,2,2,1,2,2,4,2,2,2,2,1,2,1,2,1,2,No,1,91,"Very different and interesting survey, thanks!",1346.073,426.91608,1316.32458,1,0,197.184405088425,914.53439116478,717.349986076355,103.828797798157,320.138793210983,1,0,0,0,0,6001,0,30-44,0,0,1,0,0,37,6001,0,0,1,1,1,0,3,50,1,1,5,0,1
442,1725897884.18598,2024-09-09T18:04:44.186Z,1461.971,1,,34,2,1,2,1,M7,7,5,Bug,Fly,Ant,Ant,Fly,Spider,1,5,4,1,4,3,3,2,4,Ant: incorrect,Wasp: correct,Beetle: correct,Beetle: correct,Bee: correct,Wasp: incorrect,5,4,2,2,2,2,2,2,2,1,5,4,2,,,,10,,2,1,1,1,1,2,2,2,1,,,99,95,85,2,1,1,1,1,66,64,26,50,48,83,68,50,50,60,73,32,33,29,33,34,50,27,50,31,32,14,27,29,23,68,60,36,34,32,28,27,26,23,22,13,30,29,32,34,50,50,28,25,27,82,98,13,23,50,62,50,100,100,90,28,70,29,50,99,100,73,6,4,2,3,2,2,2,2,2,2,5,1,1,1,1,1,2,2,2,2,2,No,1,63,N/a,1461.971,426.91608,1316.32458,1,0,173.957171916962,655.591591835022,481.63441991806,103.828797798157,320.138793210983,1,0,1,0,1,2750.5,0,30-44,1,0,1,0,0,37,2750.5,0,1,1,1,1,0,4,66.67,0,1,10,0,0
451,1725897921.56951,2024-09-09T18:05:21.570Z,1462.5,1,,26,1,1,2,15,DA8,7,3,Little,Creeping,Nature,Spider,Ants,Ladybug,1,4,3,5,1,5,3,2,4,I don’t know: incorrect,Ant: incorrect,I don’t know: incorrect,Beetle: correct,Bee: correct,Wasp: incorrect,4,3,2,3,1,4,3,2,2,1,4,3,3,,,,,70,2,1,2,3,1,2,1,2,3,,,31,92,69,1,1,1,1,2,51,71,82,39,57,93,46,65,82,77,90,93,71,40,75,56,69,85,74,60,57,64,35,32,25,54,90,74,59,40,50,50,57,65,63,98,67,74,72,65,100,61,89,28,9,52,100,23,81,63,65,46,100,100,100,64,34,100,69,61,48,78,6,4,2,3,1,2,1,1,2,2,5,1,1,1,1,2,2,2,2,2,2,No not really,1,100,I love contribution about the insect,1462.5,426.91608,1316.32458,1,0,290.953509092331,654.407149076462,363.453639984131,103.828797798157,320.138793210983,1,0,1,0,1,1750.5,0,18-29,1,1,0,0,0,23.5,1750.5,0,0,0,1,1,0,2,33.33,1,2,70,0,0
445,1725897887.40666,2024-09-09T18:04:47.407Z,1513.463,1,,76,2,1,2,1,ch60,3,4,Stinging,Annoying,Ugly,Ant,Locust,Moth,1,5,4,1,4,3,5,2,5,Ant: incorrect,Wasp: correct,Beetle: correct,I don’t know: incorrect,Bee: correct,I don’t know: incorrect,4,4,2,2,2,2,2,2,2,1,3,4,2,,,,2,,2,3,3,3,3,3,3,3,3,,,35,66,14,2,1,2,1,1,84,80,53,61,80,92,86,63,45,62,99,93,54,43,64,73,73,54,44,63,66,58,53,43,60,90,88,52,45,63,80,78,53,45,65,72,72,53,46,63,77,77,52,43,65,36,65,35,36,56,62,59,69,73,59,37,59,56,64,88,87,79,2,1,6,6,2,2,1,1,2,2,2,1,1,2,2,2,2,2,2,2,2,I don't think so.,1,86,none,1513.463,426.91608,1316.32458,1,0,320.454011917114,854.322028875351,533.868016958237,103.828797798157,320.138793210983,1,0,0,1,0,2250.5,0,60+,0,0,0,0,1,60,2250.5,0,1,1,0,1,0,3,50,2,1,2,0,0
478,1725898501.49844,2024-09-09T18:15:01.498Z,1035.714,1,,71,1,1,2,1,PO33,3,2,Butterfly,Dragonfly,Spider,Ladybird,Moth,Stag beetl,1,5,5,1,4,3,3,2,4,Ant: incorrect,Wasp: correct,Beetle: correct,Beetle: correct,Bee: correct,Wasp: incorrect,5,4,1,1,1,1,1,1,1,1,5,5,2,,,,5,,3,1,1,1,1,2,2,2,1,,,53,50,73,1,1,1,1,1,4,6,23,42,5,37,10,36,37,7,87,56,58,58,40,2,4,25,32,11,20,2,30,40,6,56,65,57,55,40,8,7,37,41,9,3,4,19,22,3,52,53,54,54,39,42,60,97,83,97,98,84,99,98,98,68,59,37,44,95,97,96,7,6,2,3,1,1,1,1,1,2,3,2,2,2,2,2,2,2,2,2,2,No,2,78,No comments,1035.714,426.91608,1316.32458,1,1,288.141448974609,597.430399894714,309.288950920105,103.828797798157,320.138793210983,1,1,0,1,0,1250.5,0,60+,0,0,0,0,1,60,1250.5,0,1,1,1,1,0,4,66.67,0,0,5,0,1
426,1725897862.15079,2024-09-09T18:04:22.151Z,1804.313,1,,43,2,1,2,7,S6,9,7,Delicate,Precious,Valuable,Ant,Beetle,Spider,1,5,5,1,3,3,3,4,4,Ant: incorrect,Beetle: incorrect,Beetle: correct,Beetle: correct,Wasp: incorrect,Wasp: incorrect,5,3,2,2,2,2,2,2,2,1,4,5,2,,,,10,,2,1,1,1,1,2,2,2,1,,,81,96,93,1,1,1,1,1,11,0,15,14,0,6,7,12,13,0,7,2,10,12,0,0,0,16,12,0,11,0,13,15,0,9,0,12,11,0,12,0,14,12,0,7,0,14,13,0,11,0,12,13,0,87,94,54,60,100,100,66,100,79,100,71,100,70,100,85,80,70,5,3,2,3,2,2,2,1,2,2,5,1,1,2,2,2,2,2,2,2,2,None,2,82,Everything was fine.,1804.313,426.91608,1316.32458,1,0,333.649907112122,1287.28331708908,953.633409976958,103.828797798157,320.138793210983,1,0,1,0,1,3750.5,0,30-44,1,0,1,0,0,37,3750.5,0,0,1,1,0,0,2,33.33,1,0,10,0,1
458,1725898281.90725,2024-09-09T18:11:21.907Z,1398.963,1,,76,2,1,2,1,NN16,3,4,Gly,Bee,Butterfly,Fly,Bee,Butterfly,1,1,1,1,3,3,1,2,2,Ant: incorrect,Beetle: incorrect,Beetle: correct,Ant: incorrect,Bee: correct,Bee: correct,1,1,1,1,1,1,1,1,1,1,5,1,1,1,1,-2,,,1,2,3,1,1,1,3,2,2,,,27,40,89,2,1,1,1,1,19,13,15,6,0,2,1,21,4,3,24,11,8,14,9,1,5,24,6,8,7,4,5,2,3,21,15,2,6,6,8,7,4,2,7,2,8,5,10,8,12,2,2,4,4,31,94,11,32,100,98,9,100,69,97,13,100,29,98,99,100,60,7,2,2,3,2,2,2,1,2,2,3,2,2,2,1,1,1,1,1,1,2,No,2,84,None,1398.963,426.91608,1316.32458,1,0,273.071556091309,812.385365009308,539.313808917999,103.828797798157,320.138793210983,1,0,0,1,0,2250.5,0,60+,0,0,0,0,1,60,2250.5,0,0,1,0,1,1,3,50,0,4,1,0,0
433,1725897875.83572,2024-09-09T18:04:35.836Z,1851.627,1,,27,2,1,2,1,ST4,9,8,ant,bug,spider,spider,ant,caterpilla,1,3,4,1,1,1,3,2,4,Ant: incorrect,Ant: incorrect,Ant: incorrect,Beetle: correct,Bee: correct,Wasp: incorrect,5,2,1,1,1,1,1,1,1,1,4,4,1,5,1,-2,,,1,1,3,1,1,1,3,2,2,,,73,67,48,2,1,1,1,1,44,65,70,49,17,63,45,42,57,10,77,50,45,58,24,46,48,52,48,16,53,55,38,36,9,55,52,48,36,22,42,40,47,50,30,25,27,50,42,22,52,51,50,47,25,85,91,36,29,48,68,67,88,83,86,32,19,20,67,66,60,83,4,5,1,4,2,2,2,1,2,2,5,2,2,1,1,1,1,1,1,1,1,no,1,85,no,1851.627,426.91608,1316.32458,1,0,1266.65506792068,1495.05690288544,228.40183496476,103.828797798157,320.138793210983,1,1,1,0,1,5000.5,0,18-29,1,1,0,0,0,23.5,5000.5,0,0,0,1,1,0,2,33.33,1,1,5,0,0
474,1725898421.46779,2024-09-09T18:13:41.468Z,1344.101,1,,80,1,1,1,1,NG9,3,2,Spider,Bee,Fly,Fly,Spider,Bee,1,4,4,1,5,3,3,2,4,Ant: incorrect,I don’t know: incorrect,Beetle: correct,Beetle: correct,Bee: correct,Wasp: incorrect,5,2,2,2,2,2,2,2,2,1,3,1,1,3,2,-2,,,1,2,3,1,2,1,1,2,3,,,83,66,70,2,2,1,1,1,21,23,25,24,22,37,18,27,29,19,82,73,75,79,71,25,18,39,39,32,19,16,19,27,27,58,73,65,66,57,23,24,32,26,28,14,14,29,21,21,43,44,43,50,42,80,78,80,73,77,67,84,94,85,96,58,66,65,59,97,83,88,6,4,1,2,2,2,2,1,1,2,2,1,2,2,2,2,2,2,2,2,2,No,2,72,Interesting survey,1344.101,426.91608,1316.32458,1,0,317.896871089935,812.119846105576,494.222975015641,103.828797798157,320.138793210983,1,0,0,1,0,1250.5,0,60+,0,0,0,0,1,60,1250.5,0,0,1,1,1,0,3,50,2,4,3,0,0
467,1725898390.8934,2024-09-09T18:13:10.893Z,1394.883,1,,52,1,1,2,1,NR8,7,5,Bee,Butterfly,Ant,Bee,Butterfly,Ant,1,4,3,5,5,3,3,2,2,I don’t know: incorrect,I don’t know: incorrect,Beetle: correct,Beetle: correct,Bee: correct,Bee: correct,2,4,2,2,2,2,2,2,2,1,3,4,3,,,,,5,2,1,2,1,1,2,3,3,3,,,55,51,48,1,1,1,1,1,45,54,55,55,47,27,22,27,46,11,56,49,53,49,46,39,46,47,47,30,25,3,37,44,10,48,47,48,52,30,35,42,32,44,30,3,3,3,43,3,41,42,42,43,46,48,52,32,38,59,55,45,100,82,100,38,54,45,56,89,69,46,4,2,2,5,2,2,2,1,1,2,7,1,2,2,2,2,2,2,2,2,2,No,2,68,I wish there had been questions about butterflies!!!,1394.883,426.91608,1316.32458,1,0,272.39847612381,680.155079126358,407.756603002548,103.828797798157,320.138793210983,1,0,1,0,1,2750.5,0,45-60,0,0,0,1,0,52.5,2750.5,0,0,1,1,1,1,4,66.67,2,1,5,0,1
430,1725897868.83231,2024-09-09T18:04:28.832Z,1959.601,1,,34,2,1,2,1,NW1,9,9,good,nice,cute,bee,butterfly,fly,1,5,5,4,2,1,1,4,2,Wasp: correct,Bee: incorrect,Ant: incorrect,Ant: incorrect,Wasp: incorrect,Bee: correct,5,4,1,1,1,1,1,1,1,1,5,5,2,,,,1000,,1,2,2,1,2,1,1,1,2,,,98,98,98,1,1,1,1,1,2,12,4,7,6,11,7,8,9,12,9,11,12,12,7,8,7,8,8,2,1,2,3,2,5,3,6,5,6,3,4,1,1,3,2,2,3,1,4,3,1,3,3,4,4,97,97,98,97,95,97,98,98,99,98,98,97,100,98,93,97,97,7,6,2,3,1,1,1,1,1,1,5,1,1,2,2,2,2,2,1,2,2,no,1,98,ok,1959.601,426.91608,1316.32458,1,0,1549.08404994011,1687.07903504372,137.99498510361,103.828797798157,320.138793210983,1,1,1,0,1,6001,0,30-44,1,0,1,0,0,37,6001,1,0,0,0,0,1,2,33.33,0,0,1000,0,1
469,1725898401.14759,2024-09-09T18:13:21.148Z,1667.34,1,,50,1,1,2,14,NG8,4,7,Bug,Flying,Colourful,Butterfly,Bee,Grasshoppe,1,5,5,1,5,3,3,2,4,Ant: incorrect,I don’t know: incorrect,Beetle: correct,Beetle: correct,Bee: correct,Wasp: incorrect,5,2,1,1,1,2,1,1,1,1,3,5,3,,,,,2,2,1,1,1,1,2,2,2,1,,,15,87,50,1,1,1,1,1,21,37,54,25,18,85,69,48,65,0,100,81,77,68,4,0,0,9,56,0,59,8,50,52,4,85,64,68,58,0,3,3,2,49,0,0,0,38,39,3,21,20,49,51,3,0,100,29,22,100,100,78,100,91,100,77,93,24,65,100,89,15,3,2,2,2,2,2,1,1,2,2,5,1,2,2,2,2,2,2,2,2,2,No,2,69,The sliding scale was very difficult to move,1667.34,426.91608,1316.32458,1,0,258.610983133316,672.904857158661,414.293874025345,103.828797798157,320.138793210983,1,0,0,0,0,3750.5,0,45-60,1,0,0,1,0,52.5,3750.5,0,0,1,1,1,0,3,50,2,0,2,0,1
464,1725898384.26696,2024-09-09T18:13:04.267Z,1878.635,1,,58,2,1,1,1,SY11,5,8,Bees,Butterflies,Wasps,Bees,Butterflie,Wasps,1,5,4,1,4,3,1,2,2,Ant: incorrect,Wasp: correct,Beetle: correct,Ant: incorrect,Bee: correct,Bee: correct,5,2,1,1,1,1,1,1,1,1,5,5,1,2,1,-2,,,3,3,3,1,1,3,3,2,3,,,79,99,53,1,1,1,1,1,11,42,4,3,8,6,3,4,7,4,46,50,4,3,16,7,25,6,4,13,2,2,3,5,5,41,45,8,8,5,16,9,7,10,7,5,1,7,8,2,46,47,11,9,5,93,98,27,41,96,94,85,100,100,99,72,96,58,98,100,100,91,6,4,1,3,1,2,2,1,1,2,4,2,2,2,2,2,2,2,2,2,2,I have a hard job seeing wasps as beneficial as they only cause me problems when I am eating outdoors.,2,98,No further comments.,1878.635,426.91608,1316.32458,1,0,172.21217918396,1339.35515809059,1167.14297890663,103.828797798157,320.138793210983,1,0,0,0,1,5000.5,0,45-60,0,0,0,1,0,52.5,5000.5,0,1,1,0,1,1,4,66.67,0,0,2,0,1
460,1725898357.86839,2024-09-09T18:12:37.868Z,1937.432,1,,26,2,1,2,1,HG1,7,5,noisy,irritating,bothersome,ant,fly,spider,1,1,5,1,3,3,1,2,2,Ant: incorrect,Beetle: incorrect,Beetle: correct,Ant: incorrect,Bee: correct,Bee: correct,5,2,1,1,1,1,1,2,1,1,5,5,3,,,,,200,2,1,2,1,1,1,2,1,1,,,23,81,77,1,1,1,1,2,90,83,37,42,41,35,31,30,42,60,92,81,80,73,70,73,72,68,90,78,8,5,9,14,2,78,80,74,74,69,11,8,13,14,16,17,11,14,18,11,60,50,37,27,76,12,94,68,56,78,88,4,97,92,91,3,91,87,87,88,77,37,5,3,4,5,2,2,1,2,2,2,4,1,1,1,1,1,2,2,2,2,2,A rather complicated survey to be honest,2,38,Please get a company to compile your next survey...It was way too complicated.,1937.432,426.91608,1316.32458,1,0,592.633746862411,1382.25967001915,789.625923156739,103.828797798157,320.138793210983,1,0,1,0,1,2750.5,0,18-29,0,1,0,0,0,23.5,2750.5,0,0,1,0,1,1,3,50,0,0,200,0,0
470,1725898405.92643,2024-09-09T18:13:25.926Z,2031.812,1,,53,1,3,1,4,SA44,6,3,Bite,Sting,Pain,Bee,Wasp,Fly,1,5,5,1,3,3,3,2,2,Ant: incorrect,Beetle: incorrect,Beetle: correct,Beetle: correct,Bee: correct,Bee: correct,4,4,1,1,1,1,1,1,1,1,5,5,3,,,,,0,3,1,1,1,1,2,3,2,3,,,20,23,87,1,1,1,1,1,5,3,15,15,8,78,13,11,3,11,100,93,74,15,79,0,0,0,0,0,0,0,0,8,0,100,84,89,85,79,0,0,1,0,0,6,0,0,0,0,0,0,0,2,0,13,89,100,100,100,100,100,100,100,100,3,81,78,99,100,100,100,7,7,1,2,2,2,1,1,1,2,3,2,2,2,2,2,2,2,2,2,2,No,2,79,I hate wasps,2031.812,426.91608,1316.32458,1,0,279.809081077576,1198.3176150322,918.508533954624,103.828797798157,320.138793210983,1,0,1,0,1,1750.5,0,45-60,0,0,0,1,0,52.5,1750.5,0,0,1,1,1,1,4,66.67,0,0,0,0,1
476,1725898457.17454,2024-09-09T18:14:17.175Z,2242.021,1,,69,2,1,2,1,WA5,3,1,SPIDER,ANT,INFESTATION,spider,ant,cockroach,1,5,4,3,5,5,5,4,2,Beetle: incorrect,I don’t know: incorrect,I don’t know: incorrect,I don’t know: incorrect,Wasp: incorrect,Bee: correct,4,3,2,2,1,2,1,1,1,1,5,4,1,1,2,-2,,,3,2,3,3,1,3,3,2,3,,,89,90,91,1,1,1,1,1,19,50,11,8,55,5,50,3,5,6,6,50,12,9,49,5,49,4,3,50,3,50,8,6,50,18,50,12,16,50,11,50,6,11,50,5,39,8,9,50,13,50,13,12,50,100,100,10,7,85,97,23,100,73,100,15,68,36,62,94,92,91,4,2,1,3,2,2,2,1,2,2,4,1,1,1,2,2,2,2,2,2,2,n/a,1,92,n/a,2242.021,426.91608,1316.32458,1,0,303.567635059357,563.097633838654,259.529998779297,103.828797798157,320.138793210983,1,1,0,1,0,500,0,60+,0,0,0,0,1,60,500,0,0,0,0,0,1,1,16.67,0,1,1,0,1
431,1725897871.53928,2024-09-09T18:04:31.539Z,2905.101,1,,36,1,1,2,1,HG2,6,8,Moskit,biting,bothersome,Moskit,wasp,ladybird,1,5,5,4,5,3,5,2,3,Wasp: correct,I don’t know: incorrect,Beetle: correct,I don’t know: incorrect,Bee: correct,Beetle: correct,5,5,2,2,1,2,2,2,3,1,5,4,2,,,,10,,2,1,1,1,1,2,2,2,1,,,75,100,100,1,1,1,1,1,78,10,14,30,28,29,0,5,0,13,9,23,24,22,20,8,16,20,18,12,4,12,1,15,22,3,17,23,9,22,7,8,8,10,13,9,12,11,14,16,11,1,18,12,17,98,100,28,100,100,100,68,100,100,100,73,100,100,100,100,100,100,5,3,2,3,2,2,1,2,1,2,4,1,1,2,2,2,2,2,2,2,2,No,1,100,Thank you,2905.101,426.91608,1316.32458,1,0,1134.10546398163,1643.49518203735,509.38971805572,103.828797798157,320.138793210983,1,0,1,0,1,5000.5,0,30-44,0,0,1,0,0,37,5000.5,1,0,1,0,1,1,4,66.67,0,1,10,0,1
450,1725897906.57924,2024-09-09T18:05:06.579Z,6223.522,1,,38,1,1,2,1,bh12,8,4,insect,SMALL,ANNPOYING,ant,bee,caterpilla,1,2,3,4,3,3,3,2,4,Wasp: correct,Beetle: incorrect,Beetle: correct,Beetle: correct,Bee: correct,Wasp: incorrect,4,2,2,2,2,2,2,2,2,1,2,4,1,5,1,-2,,,2,2,1,2,3,2,1,3,1,,,83,37,84,1,2,1,2,1,65,33,68,89,74,69,85,69,84,91,80,33,22,78,93,58,69,80,36,23,66,72,81,38,67,62,74,91,72,73,68,84,59,31,38,29,67,91,71,34,37,68,87,78,36,33,79,35,64,72,93,38,64,76,93,59,74,89,97,34,62,73,2,5,3,2,2,1,2,1,2,2,5,1,1,1,1,1,2,2,2,2,2,no,1,100,none,6223.522,426.91608,1316.32458,1,0,3109.3449409008,3727.959004879,618.6140639782,103.828797798157,320.138793210983,1,0,1,0,1,2250.5,0,30-44,1,0,1,0,0,37,2250.5,1,0,1,1,1,0,4,66.67,3,1,5,0,0
